business_status,formatted_address,name,price_level,rating,types,user_ratings_total,geometry.location.lat,geometry.location.lng,geometry.viewport.northeast.lat,geometry.viewport.northeast.lng,geometry.viewport.southwest.lat,geometry.viewport.southwest.lng,lat,lng,census_code
OPERATIONAL,"5935 Penn Ave, Pittsburgh, PA 15206",360 Cafe LLC,NA,5,"['health', 'point_of_interest', 'establishment']",2,40.4618393,-79.9254337,40.46310047989272,-79.92413692010727,40.46040082010727,-79.92683657989272,40.4618393,-79.9254337,420031115002
OPERATIONAL,"531 N Homewood Ave, Pittsburgh, PA 15208",7 senses,NA,4.6,"['restaurant', 'meal_delivery', 'food', 'point_of_interest', 'establishment']",22,40.4536691,-79.89841050000001,40.45498157989272,-79.89696457010727,40.45228192010727,-79.89966422989272,40.4536691,-79.8984105,420031308002
OPERATIONAL,"900 Wood St, Pittsburgh, PA 15221",9 Cafe,NA,5,"['restaurant', 'food', 'point_of_interest', 'establishment']",16,40.4429296,-79.8850435,40.44429272989272,-79.88373442010727,40.44159307010728,-79.88643407989272,40.4429296,-79.8850435,420035647003
OPERATIONAL,"620 Wood St, Pittsburgh, PA 15221","A Peace of Mind, Inc.",NA,4.5,"['gym', 'health', 'point_of_interest', 'establishment']",8,40.441095,-79.885857,40.44249297989272,-79.88465207010728,40.43979332010728,-79.88735172989273,40.441095,-79.885857,420035647003
OPERATIONAL,"640 Rodi Rd #2, Pittsburgh, PA 15235",AGR Settlement LLC,NA,0,"['finance', 'insurance_agency', 'point_of_interest', 'establishment']",0,40.4479839,-79.82798489999999,40.44929882989272,-79.82640107010728,40.44659917010728,-79.82910072989272,40.4479839,-79.8279849,420035234001
OPERATIONAL,"4901 Penn Ave, Pittsburgh, PA 15224",Arts & Crafts: Botanica & Occult Shop,NA,4.7,"['point_of_interest', 'store', 'establishment']",50,40.4654827,-79.9450426,40.46672967989272,-79.94371777010728,40.46403002010728,-79.94641742989272,40.4654827,-79.9450426,420031019002
OPERATIONAL,"416 Library St, Braddock, PA 15104",Aunt Cheryl's Cafe,NA,4.4,"['restaurant', 'food', 'point_of_interest', 'establishment']",46,40.401411,-79.8650004,40.40283697989272,-79.86375612010727,40.40013732010728,-79.86645577989272,40.401411,-79.8650004,420035138002
OPERATIONAL,"1619 Lowrie St, Pittsburgh, PA 15212",Bellevue Beauty Bar and Spa,NA,5,"['beauty_salon', 'point_of_interest', 'establishment']",1,40.4631805,-79.9828268,40.46455432989272,-79.98153457010727,40.46185467010728,-79.98423422989272,40.4631805,-79.9828268,420032413002
OPERATIONAL,"378 Broadway Blvd, Pitcairn, PA 15140",Back To The Foodture,NA,4.8,"['restaurant', 'food', 'point_of_interest', 'establishment']",60,40.4015693,-79.7803957,40.40281507989272,-79.77901567010727,40.40011542010728,-79.78171532989272,40.4015693,-79.7803957,420035220002
OPERATIONAL,"5911 Penn Ave, Pittsburgh, PA 15206",Bat's Barber Shop,NA,4.4,"['hair_care', 'health', 'point_of_interest', 'establishment']",166,40.462156,-79.92638699999999,40.46343247989272,-79.92508272010727,40.46073282010728,-79.92778237989272,40.462156,-79.926387,NA
OPERATIONAL,"770 Trumbull Dr, Pittsburgh, PA 15220",Beanie Paints LLC,NA,5,"['point_of_interest', 'establishment']",20,40.4180701,-80.0561326,40.41939472989272,-80.05475787010728,40.41669507010727,-80.05745752989273,40.4180701,-80.0561326,420034690003
OPERATIONAL,"2037 Centre Ave, Pittsburgh, PA 15219",Black Beauty Lounge,NA,4.1,"['night_club', 'bar', 'point_of_interest', 'establishment']",12,40.4444165,-79.9792423,40.44567727989272,-79.97782842010727,40.44297762010728,-79.98052807989272,40.4444165,-79.9792423,420030501001
OPERATIONAL,"1703 Monongahela Ave, Pittsburgh, PA 15218",Brrats Deli,NA,4.7,"['restaurant', 'food', 'point_of_interest', 'establishment']",77,40.42351439999999,-79.8911308,40.42482727989272,-79.88988752010728,40.42212762010728,-79.89258717989273,40.4235144,-79.8911308,420035154011
OPERATIONAL,"623 Brown Ave, Turtle Creek, PA 15145",Mama Meatball's Pizzeria,NA,4.6,"['meal_delivery', 'food', 'point_of_interest', 'establishment']",202,40.423987,-79.834749,40.42534662989272,-79.83318667010727,40.42264697010728,-79.83588632989272,40.423987,-79.834749,420035200022
OPERATIONAL,"4901 Second Avenue, Pittsburgh, PA 15207",C&D’s Kitchen,NA,4.6,"['restaurant', 'food', 'point_of_interest', 'establishment']",66,40.4098949,-79.9437578,40.41121802989272,-79.94255647010728,40.40851837010727,-79.94525612989271,40.4098949,-79.9437578,NA
OPERATIONAL,"12 N Balph Ave, Bellevue, PA 15202",CYourBeauty,NA,5,"['hospital', 'health', 'point_of_interest', 'establishment']",2,40.4959167,-80.0552051,40.49728552989272,-80.05390197010728,40.49458587010728,-80.05660162989273,40.4959167,-80.0552051,420034315002
OPERATIONAL,"2700 Shadeland Ave, Pittsburgh, PA 15212",Cafe On the Corner,NA,4.8,"['cafe', 'restaurant', 'food', 'point_of_interest', 'establishment']",45,40.4692099,-80.0300121,40.47055687989273,-80.02873032010729,40.46785722010728,-80.03142997989272,40.4692099,-80.0300121,420032716002
OPERATIONAL,"1710 Jancey St, Pittsburgh, PA 15206",Camille Et Robert Salon,NA,4,"['hair_care', 'point_of_interest', 'establishment']",1,40.4849093,-79.92732099999999,40.48634312989272,-79.92608892010728,40.48364347010727,-79.92878857989272,40.4849093,-79.927321,420031014002
OPERATIONAL,"1825 E Carson St, Pittsburgh, PA 15203",Carmi Soul Food Restaurant,1,4.2,"['bar', 'restaurant', 'food', 'point_of_interest', 'establishment']",1147,40.428892,-79.97948800000002,40.43014207989272,-79.97814752010729,40.42744242010728,-79.98084717989273,40.428892,-79.979488,420031702002
OPERATIONAL,"5904 Bryant St, Pittsburgh, PA 15206",Casa Brasil,NA,4.8,"['restaurant', 'food', 'point_of_interest', 'establishment']",133,40.4754732,-79.919708,40.47691337989271,-79.91829982010728,40.47421372010727,-79.92099947989273,40.4754732,-79.919708,420031102002
OPERATIONAL,"2193 Babcock Blvd, Pittsburgh, PA 15209",Chef’s Table,NA,4.9,"['restaurant', 'food', 'point_of_interest', 'establishment']",34,40.5103337,-79.9933539,40.51180347989273,-79.99189832010728,40.50910382010728,-79.99459797989272,40.5103337,-79.9933539,420034291001
OPERATIONAL,"5921 Baum Blvd # 8, Pittsburgh, PA 15206",Chelsea Rae Salon,NA,5,"['hair_care', 'point_of_interest', 'establishment']",4,40.460522,-79.92724000000001,40.46177967989272,-79.92584637010728,40.45908002010728,-79.92854602989273,40.460522,-79.92724,420031115002
OPERATIONAL,"211 Nelbon Ave, Pittsburgh, PA 15235",Children's Ark Creative Learning Center,NA,5,"['point_of_interest', 'establishment']",2,40.459015,-79.8438109,40.46036257989272,-79.84254717010728,40.45766292010727,-79.84524682989272,40.459015,-79.8438109,420035232002
OPERATIONAL,"1059 Penn Ave, Pittsburgh, PA 15222",CobblerWorld,NA,4.5,"['bakery', 'food', 'point_of_interest', 'store', 'establishment']",15,40.4448682,-79.9944335,40.44617012989272,-79.99306282010728,40.44347047010728,-79.99576247989272,40.4448682,-79.9944335,420030201005
OPERATIONAL,"7120 Kelly St, Pittsburgh, PA 15208",Community Empowerment Association,NA,4.6,"['point_of_interest', 'establishment']",29,40.4556585,-79.8980125,40.45705177989272,-79.89664557010727,40.454352120107274,-79.89934522989272,40.4556585,-79.8980125,420031308002
OPERATIONAL,"2351 Century Dr, West Mifflin, PA 15122",Cornbread West Mifflin,NA,4.2,"['restaurant', 'food', 'point_of_interest', 'establishment']",97,40.3415049,-79.9462011,40.34308797989272,-79.94456637010728,40.34038832010728,-79.94726602989273,40.3415049,-79.9462011,420034886003
OPERATIONAL,"764 Penn Ave, Pittsburgh, PA 15221",Crabs R Us,2,4,"['restaurant', 'food', 'point_of_interest', 'establishment']",355,40.4429903,-79.8829748,40.44438142989272,-79.88159827010729,40.44168177010728,-79.88429792989272,40.4429903,-79.8829748,420035647003
OPERATIONAL,"3120 Chartiers Ave, Pittsburgh, PA 15204",Craig's,NA,4.1,"['bar', 'point_of_interest', 'establishment']",41,40.45362129999999,-80.06159029999999,40.45492867989272,-80.06022487010728,40.45222902010727,-80.06292452989271,40.4536213,-80.0615903,420032022002
OPERATIONAL,"505 Grant Ave, Millvale, PA 15209",Curated Flame,NA,5,"['point_of_interest', 'store', 'establishment']",21,40.4804326,-79.9742952,40.48181477989272,-79.97291437010729,40.47911512010727,-79.97561402989274,40.4804326,-79.9742952,420034270003
OPERATIONAL,"720 N Homewood Ave, Pittsburgh, PA 15208",Dana's Bakery,1,4.6,"['bakery', 'food', 'point_of_interest', 'store', 'establishment']",172,40.456127,-79.896575,40.45749747989272,-79.89532157010727,40.45479782010728,-79.8980212298927,40.456127,-79.896575,420031308002
OPERATIONAL,"3506 Main St, Munhall, PA 15120",Dayna Delgado Photography,NA,5,"['point_of_interest', 'establishment']",6,40.3856429,-79.90338659999999,40.38695807989272,-79.90192362010728,40.38425842010728,-79.90462327989272,40.3856429,-79.9033866,420034845003
OPERATIONAL,"436 Seventh Ave, Pittsburgh, PA 15219",African American Chamber of Commerce of Western Pennsylvania,NA,0,"['point_of_interest', 'establishment']",0,40.442124,-79.99553890000001,40.44357847989272,-79.99412152010727,40.44087882010728,-79.99682117989272,40.442124,-79.9955389,420030201004
OPERATIONAL,"532 N Homewood Ave, Pittsburgh, PA 15208",Everyday Cafe,1,4.6,"['cafe', 'food', 'point_of_interest', 'establishment']",225,40.45325010000001,-79.8981302,40.45466767989272,-79.89689452010728,40.45196802010728,-79.89959417989272,40.4532501,-79.8981302,420031308003
OPERATIONAL,"1849 Montier St, Pittsburgh, PA 15221",Exotic Hush Boutique,NA,5,"['point_of_interest', 'clothing_store', 'store', 'establishment']",2,40.44889440000001,-79.8677697,40.45022077989272,-79.86638747010727,40.44752112010728,-79.86908712989272,40.4488944,-79.8677697,420035614003
OPERATIONAL,"123 Mall Cir Dr, Monroeville, PA 15146",Femi,NA,3.5,"['point_of_interest', 'clothing_store', 'store', 'establishment']",25,40.4290797,-79.7944644,40.43049762989271,-79.79273267010728,40.42779797010727,-79.79543232989273,40.4290797,-79.7944644,420035212002
OPERATIONAL,"796 Penn Ave, Pittsburgh, PA 15221",Fireside Caribbean Restaurant,2,4.4,"['restaurant', 'food', 'point_of_interest', 'establishment']",511,40.4427209,-79.882143,40.44410937989272,-79.88077087010728,40.44140972010727,-79.88347052989272,40.4427209,-79.882143,420035647003
OPERATIONAL,"3231 Brighton Rd, Pittsburgh, PA 15212",Flavors Famous Street Food,NA,4.6,"['meal_takeaway', 'restaurant', 'food', 'point_of_interest', 'establishment']",136,40.4758776,-80.0315512,40.47726352989272,-80.03013362010728,40.47456387010727,-80.03283327989271,40.4758776,-80.0315512,420032716002
OPERATIONAL,"525 Smithfield St, Pittsburgh, PA 15222",Fogo de Chão Brazilian Steakhouse,3,4.5,"['restaurant', 'food', 'point_of_interest', 'establishment']",1264,40.44074,-79.9984283,40.44210807989272,-79.99696567010727,40.43940842010728,-79.99966532989271,40.44074,-79.9984283,420030201003
OPERATIONAL,"6140 Station St, Pittsburgh, PA 15206",412 Food Rescue,NA,4.7,"['point_of_interest', 'establishment']",12,40.4624179,-79.9219696,40.46373502989272,-79.92064027010728,40.46103537010728,-79.92333992989273,40.4624179,-79.9219696,420031115002
OPERATIONAL,"449 Atwood St, Pittsburgh, PA 15213",Frenchi's Deli & Market,1,4.8,"['convenience_store', 'food', 'point_of_interest', 'store', 'establishment']",73,40.4371953,-79.95258489999999,40.43850352989272,-79.95128927010728,40.43580387010727,-79.95398892989272,40.4371953,-79.9525849,420030406001
OPERATIONAL,"1503 E Carson St, Pittsburgh, PA 15203",Fudge Farm - E. Carson St. (South Side),NA,4.5,"['food', 'point_of_interest', 'store', 'establishment']",177,40.4289152,-79.9832267,40.43021857989272,-79.98187392010728,40.42751892010727,-79.98457357989273,40.4289152,-79.9832267,420031702001
OPERATIONAL,"100 Mulberry St, Pittsburgh, PA 15235",Future Focus Child Care,NA,1.7,"['point_of_interest', 'establishment']",3,40.4561772,-79.84509229999999,40.45739272989272,-79.84365622010728,40.45469307010728,-79.84635587989273,40.4561772,-79.8450923,420035232003
OPERATIONAL,"301 E Carson St, Pittsburgh, PA 15219",Gabriella's Gourmet,NA,4.6,"['restaurant', 'food', 'point_of_interest', 'establishment']",110,40.429707,-79.997613,40.43101287989272,-79.99628907010728,40.42831322010728,-79.99898872989273,40.429707,-79.997613,420031702001
OPERATIONAL,"7246 Kelly St, Pittsburgh, PA 15208",Galaxy Lounge & Entertainment Center,2,4.1,"['night_club', 'bar', 'point_of_interest', 'establishment']",335,40.4548804,-79.89540749999999,40.45640062989272,-79.89413302010726,40.45370097010728,-79.89683267989271,40.4548804,-79.8954075,NA
OPERATIONAL,"1256 Franklin Ave, Pittsburgh, PA 15221",Global Human Performance,NA,5,"['health', 'point_of_interest', 'establishment']",13,40.437526,-79.8745428,40.43904912989272,-79.87316027010728,40.43634947010728,-79.87585992989273,40.437526,-79.8745428,420035647001
OPERATIONAL,"4517 Butler St, Pittsburgh, PA 15201",The Goldmark,NA,4.4,"['bar', 'point_of_interest', 'establishment']",200,40.4727304,-79.95916660000002,40.47403872989273,-79.95769662010728,40.47133907010728,-79.96039627989273,40.4727304,-79.9591666,NA
OPERATIONAL,"2537 Wylie Ave, Pittsburgh, PA 15219",Grandma B's,1,4.6,"['restaurant', 'food', 'point_of_interest', 'establishment']",336,40.44869449999999,-79.9705415,40.45000367989272,-79.96916197010727,40.44730402010727,-79.97186162989271,40.4486945,-79.9705415,420030501002
OPERATIONAL,"2621 Webster Ave, Pittsburgh, PA 15219",Grandma Joan's,NA,0,"['food', 'point_of_interest', 'establishment']",0,40.4506636,-79.9704904,40.45194652989272,-79.96909102010729,40.44924687010727,-79.97179067989272,40.4506636,-79.9704904,420030509001
OPERATIONAL,"1817 Leechburg Rd, Penn Hills, PA 15235",Griff's Grounds Coffe',1,5,"['cafe', 'food', 'point_of_interest', 'store', 'establishment']",98,40.4933262,-79.79011899999999,40.49462037989272,-79.78872182010727,40.49192072010727,-79.79142147989272,40.4933262,-79.790119,420035237024
OPERATIONAL,"906A Western Ave, Pittsburgh, PA 15233",Happy Day Dessert Factory,NA,4.9,"['food', 'point_of_interest', 'establishment']",91,40.4521606,-80.0170081,40.45336692989273,-80.01561137010728,40.45066727010728,-80.01831102989271,40.4521606,-80.0170081,420035627001
OPERATIONAL,"203 Whitaker St, Munhall, PA 15120","House of Soul Catering, LLC.",NA,4.1,"['meal_delivery', 'restaurant', 'food', 'point_of_interest', 'establishment']",147,40.4004674,-79.88684219999999,40.40175162989272,-79.88557127010726,40.39905197010728,-79.88827092989271,40.4004674,-79.8868422,420034850001
OPERATIONAL,"5935 Penn Ave, Pittsburgh, PA 15206",IMIHI Designs,NA,5,"['park', 'point_of_interest', 'clothing_store', 'store', 'establishment']",2,40.4618393,-79.9254337,40.46310047989272,-79.92413692010727,40.46040082010727,-79.92683657989272,40.4618393,-79.9254337,420031115002
CLOSED_TEMPORARILY,"605 McFarland Rd, Latrobe, PA 15650",Indulgence Salon,NA,5,"['beauty_salon', 'hair_care', 'point_of_interest', 'establishment']",11,40.33130939999999,-79.3964436,40.33264632989273,-79.39498077010728,40.32994667010728,-79.39768042989273,40.3313094,-79.3964436,421298079012
OPERATIONAL,"900 Wood St, Pittsburgh, PA 15221",Jameelah's Creative Creations,NA,0,"['clothing_store', 'jewelry_store', 'point_of_interest', 'store', 'establishment']",0,40.4428896,-79.8848659,40.44428032989272,-79.88364137010727,40.44158067010728,-79.88634102989272,40.4428896,-79.8848659,420035647003
OPERATIONAL,"4929 Centre Ave, Pittsburgh, PA 15213",Jeffries Smith & Associates PC,NA,4.7,"['dentist', 'health', 'point_of_interest', 'establishment']",20,40.4541778,-79.9451675,40.45543542989272,-79.94373377010727,40.45273577010727,-79.94643342989272,40.4541778,-79.9451675,420030804002
OPERATIONAL,"2450 Wylie Ave, Pittsburgh, PA 15219",Jerry's Market & Pizza Shop,NA,5,"['restaurant', 'food', 'point_of_interest', 'establishment']",4,40.4479701,-79.97176979999999,40.44935772989272,-79.97044742010728,40.44665807010728,-79.97314707989273,40.4479701,-79.9717698,420030501002
OPERATIONAL,"3636 Boulevard of the Allies, Pittsburgh, PA 15213",Kiss Joseph MD,NA,0,"['doctor', 'health', 'point_of_interest', 'establishment']",0,40.4342276,-79.95346119999999,40.43567662989272,-79.95209097010728,40.43297697010728,-79.95479062989273,40.4342276,-79.9534612,NA
OPERATIONAL,"4415 Fifth Ave Ste 120, Pittsburgh, PA 15213",Kevin's Deli LLC,1,4.9,"['food', 'point_of_interest', 'store', 'establishment']",39,40.447309,-79.95139390000001,40.44850597989272,-79.94968807010727,40.44580632010727,-79.95238772989272,40.447309,-79.9513939,420030404002
OPERATIONAL,"5935 Penn Ave, Pittsburgh, PA 15206",Kin of Duncan,NA,5,"['point_of_interest', 'clothing_store', 'store', 'establishment']",2,40.4618393,-79.9254337,40.46310047989272,-79.92413692010727,40.46040082010727,-79.92683657989272,40.4618393,-79.9254337,420031115002
OPERATIONAL,"303 S Trenton Ave, Pittsburgh, PA 15221",Knotzland Bespoke Bowtie Studio|Showroom,NA,5,"['point_of_interest', 'store', 'establishment']",17,40.4440176,-79.8919155,40.44538957989272,-79.89067527010727,40.44268992010728,-79.89337492989272,40.4440176,-79.8919155,420035604001
OPERATIONAL,"715 N Highland Ave, Pittsburgh, PA 15206",Albert Anthony Real Estate,NA,3.2,"['real_estate_agency', 'point_of_interest', 'establishment']",14,40.468452,-79.9218506,40.46974922989273,-79.92039872010729,40.46704957010729,-79.92309837989274,40.468452,-79.9218506,420031113002
OPERATIONAL,"5527 Walnut St # 2, Pittsburgh, PA 15232",La Feria,2,4.1,"['restaurant', 'food', 'point_of_interest', 'establishment']",108,40.4515541,-79.93280890000001,40.45287782989271,-79.93144512010728,40.45017817010727,-79.93414477989273,40.4515541,-79.9328089,420030703001
OPERATIONAL,"5341 Penn Ave, Pittsburgh, PA 15224",LaLa's Salon & Spa,NA,4.7,"['beauty_salon', 'point_of_interest', 'establishment']",88,40.4648331,-79.9369131,40.46609357989272,-79.93555397010728,40.46339392010728,-79.93825362989273,40.4648331,-79.9369131,420031019003
OPERATIONAL,"823 E Warrington Ave, Pittsburgh, PA 15210",Leon's Caribbean Food,1,4.1,"['restaurant', 'food', 'point_of_interest', 'establishment']",313,40.4218923,-79.99279349999999,40.42324212989272,-79.99144367010727,40.42054247010728,-79.99414332989271,40.4218923,-79.9927935,420031803001
OPERATIONAL,"200 Mall Cir Dr, Monroeville, PA 15146",Lettuce Eat,NA,4.7,"['restaurant', 'food', 'point_of_interest', 'establishment']",35,40.4295803,-79.79537049999999,40.43041467989272,-79.79448797010727,40.42771502010728,-79.79718762989272,40.4295803,-79.7953705,420035212002
OPERATIONAL,"4836 Penn Ave, Pittsburgh, PA 15224",Level Up Studios,NA,5,"['point_of_interest', 'establishment']",13,40.4652445,-79.9457305,40.46665167989272,-79.94436127010728,40.46395202010728,-79.94706092989271,40.4652445,-79.9457305,420030809001
OPERATIONAL,"235 Fort Pitt Blvd, Pittsburgh, PA 15222",Level Agency,NA,4.1,"['point_of_interest', 'establishment']",14,40.43788800000001,-80.003109,40.43910802989273,-80.00184247010728,40.43640837010729,-80.00454212989271,40.437888,-80.003109,420030201001
OPERATIONAL,"114 E 8th Ave, Homestead, PA 15120",Live Fresh Cold Pressed Juice + Smoothie Bar,NA,4.9,"['meal_takeaway', 'cafe', 'restaurant', 'food', 'point_of_interest', 'establishment']",99,40.40630720000001,-79.9116244,40.40768172989272,-79.91030702010727,40.40498207010728,-79.91300667989272,40.4063072,-79.9116244,420034838002
OPERATIONAL,"420 Chartiers Ave, McKees Rocks, PA 15136",Love Rocks Cafe',NA,5,"['cafe', 'food', 'point_of_interest', 'establishment']",5,40.4649176,-80.0583647,40.46616562989272,-80.05706672010729,40.46346597010727,-80.05976637989272,40.4649176,-80.0583647,NA
OPERATIONAL,"1320 Kelton Ave, Pittsburgh, PA 15216",Love Style Love,NA,0,"['jewelry_store', 'point_of_interest', 'store', 'establishment']",0,40.3921547,-80.0369617,40.39346757989272,-80.03566912010729,40.39076792010727,-80.03836877989272,40.3921547,-80.0369617,420034723002
OPERATIONAL,"7120 Kelly St, Pittsburgh, PA 15208",MA'AT Construction Group LLC,NA,0,"['general_contractor', 'point_of_interest', 'establishment']",0,40.4555176,-79.8981222,40.45698697989271,-79.89672527010728,40.45428732010727,-79.89942492989272,40.4555176,-79.8981222,420031308002
OPERATIONAL,"209 S Craig St, Pittsburgh, PA 15213",Mark Anthony Hair Salon,NA,4.7,"['beauty_salon', 'hair_care', 'point_of_interest', 'establishment']",109,40.4459578,-79.948684599999993,40.44730087989272,-79.94742592010728,40.44460122010727,-79.95012557989273,40.4459578,-79.948684600000007,420030404001
OPERATIONAL,"7721 Mulford St, Pittsburgh, PA 15208",McCoy's Learning Center,NA,5,"['point_of_interest', 'establishment']",3,40.4521313,-79.888257,40.45340547989272,-79.88690617010728,40.45070582010728,-79.88960582989273,40.4521313,-79.888257,420031308003
OPERATIONAL,"2101 Centre Ave, Pittsburgh, PA 15219",Molly's World Boutique,NA,5,"['clothing_store', 'point_of_interest', 'store', 'establishment']",7,40.44447640000001,-79.97884069999999,40.44577937989273,-79.97745622010727,40.44307972010728,-79.98015587989272,40.4444764,-79.9788407,420030501001
OPERATIONAL,"369 Coltart Ave, Pittsburgh, PA 15213",Monroes clubhouse childcare center,NA,4.2,"['point_of_interest', 'establishment']",9,40.4364271,-79.95664699999999,40.43784712989272,-79.95524657010728,40.43514747010727,-79.95794622989271,40.4364271,-79.956647,420030405002
OPERATIONAL,"5850 Ellsworth Ave #230, Pittsburgh, PA 15232",The Law Office of Shaheen Wallace,NA,5,"['lawyer', 'point_of_interest', 'establishment']",11,40.4568715,-79.92941619999999,40.45827642989273,-79.92812977010726,40.45557677010728,-79.93082942989271,40.4568715,-79.9294162,420030705003
OPERATIONAL,"807 Wallace Ave, Pittsburgh, PA 15221",Jean’s Southern Cuisine,1,4.2,"['restaurant', 'food', 'point_of_interest', 'establishment']",219,40.4437851,-79.8805148,40.44490237989272,-79.87929867010727,40.44220272010728,-79.88199832989272,40.4437851,-79.8805148,420035648002
OPERATIONAL,"4510 Liberty Ave, Pittsburgh, PA 15224",Nana's Place By Gibson,NA,4.6,"['restaurant', 'food', 'point_of_interest', 'establishment']",14,40.4627595,-79.9515605,40.46419037989272,-79.95013597010728,40.46149072010728,-79.95283562989273,40.4627595,-79.9515605,420030802002
OPERATIONAL,"531 Greenfield Ave, Pittsburgh, PA 15207",Natural Expressions Beauty Inc,NA,4.8,"['spa', 'beauty_salon', 'hair_care', 'health', 'point_of_interest', 'establishment']",10,40.4261184,-79.9413196,40.42732822989272,-79.93990197010727,40.42462857010728,-79.94260162989272,40.4261184,-79.9413196,420031516001
OPERATIONAL,"315 E Carson St, Pittsburgh, PA 15219",New Pittsburgh Courier Pub Co,NA,4,"['point_of_interest', 'establishment']",4,40.4295644,-79.99718770000001,40.43086917989272,-79.99586442010727,40.42816952010728,-79.99856407989272,40.4295644,-79.9971877,420031702001
OPERATIONAL,"625 Long Rd, Pittsburgh, PA 15235",World Class Tavern,1,4.5,"['bar', 'point_of_interest', 'establishment']",74,40.4536281,-79.8377986,40.45507132989272,-79.83659962010728,40.45237167010728,-79.83929927989273,40.4536281,-79.8377986,420035234001
OPERATIONAL,"1001 Cool Springs Dr, Pittsburgh, PA 15234",No Limits Martial Arts,NA,5,"['health', 'point_of_interest', 'establishment']",21,40.3506411,-80.0163876,40.35225817989272,-80.01508287010728,40.34955852010727,-80.01778252989271,40.3506411,-80.0163876,420034754011
OPERATIONAL,"1924 Monongahela Ave, Pittsburgh, PA 15218",Nubian Dreamz,NA,0,"['jewelry_store', 'point_of_interest', 'store', 'establishment']",0,40.4211243,-79.8902225,40.42247412989272,-79.88887267010728,40.41977447010727,-79.89157232989271,40.4211243,-79.8902225,420035153002
OPERATIONAL,"3856 Baytree St, Pittsburgh, PA 15214",Observatory Hill Deli,NA,4.9,"['restaurant', 'food', 'point_of_interest', 'establishment']",14,40.4896134,-80.01776459999999,40.49088557989272,-80.01642732010727,40.48818592010728,-80.01912697989272,40.4896134,-80.0177646,420032602002
OPERATIONAL,"2333 E Carson St, Pittsburgh, PA 15203",Illegal Apparel Co,NA,0,"['clothing_store', 'point_of_interest', 'store', 'establishment']",0,40.4284508,-79.9715841,40.42980062989272,-79.97023427010728,40.42710097010728,-79.97293392989272,40.4284508,-79.9715841,420031609001
OPERATIONAL,"991 Freeport Rd, Pittsburgh, PA 15238",Party City,2,3.9,"['home_goods_store', 'food', 'point_of_interest', 'clothing_store', 'store', 'establishment']",300,40.4882604,-79.88670619999999,40.48940812989272,-79.88527482010728,40.48670847010727,-79.88797447989272,40.4882604,-79.8867062,420039800001
OPERATIONAL,"733 Washington Rd, Mt Lebanon, PA 15228",Pathways to SmartCare,NA,0,"['health', 'point_of_interest', 'establishment']",0,40.3791264,-80.04514950000001,40.38051532989272,-80.04390332010728,40.37781567010727,-80.04660297989273,40.3791264,-80.0451495,420034734013
OPERATIONAL,"1204 Federal St, Pittsburgh, PA 15212",Pauline's Caribbean Soul Cuisine,NA,4.2,"['restaurant', 'food', 'point_of_interest', 'establishment']",29,40.4561256,-80.0065359,40.45744032989273,-80.00533742010728,40.45474067010728,-80.00803707989272,40.4561256,-80.0065359,420035651001
OPERATIONAL,"249 N Craig St, Pittsburgh, PA 15213",PCSI,NA,4.5,"['point_of_interest', 'establishment']",21,40.4513675,-79.95182659999999,40.45273552989272,-79.95042487010728,40.45003587010728,-79.95312452989272,40.4513675,-79.9518266,420035620001
OPERATIONAL,"7232 Hamilton Ave, Pittsburgh, PA 15208",Phase III,NA,4.3,"['bar', 'point_of_interest', 'establishment']",27,40.4542034,-79.8963077,40.45562112989272,-79.89492967010727,40.45292147010727,-79.89762932989272,40.4542034,-79.8963077,420031308003
OPERATIONAL,"819 Penn Ave, Pittsburgh, PA 15222",Pittsburgh Playwrights Theatre Company,NA,4.7,"['point_of_interest', 'establishment']",28,40.44385399999999,-79.998719,40.44530767989271,-79.99730547010726,40.44260802010727,-80.00000512989271,40.443854,-79.998719,420030201005
OPERATIONAL,"2701 Penn Ave, Pittsburgh, PA 15222",Preeti's Pitt LLC,NA,4.1,"['bar', 'restaurant', 'food', 'point_of_interest', 'establishment']",328,40.4560533,-79.97704019999999,40.45735807989272,-79.97563532010727,40.45465842010728,-79.97833497989272,40.4560533,-79.9770402,420030203001
OPERATIONAL,"410 Forbes Ave, Pittsburgh, PA 15219",Prime Time Cuts & Styles,NA,4.2,"['hair_care', 'health', 'point_of_interest', 'establishment']",53,40.439172,-79.998781,40.44032052989272,-79.99778107010728,40.43762087010728,-80.00048072989271,40.439172,-79.998781,420030201001
OPERATIONAL,"1401 Forbes Ave #200, Pittsburgh, PA 15219",Pyramid Healthcare Pittsburgh Outpatient Treatment Center,NA,2.3,"['health', 'point_of_interest', 'establishment']",3,40.4379634,-79.98600739999999,40.43918717989272,-79.98466962010728,40.43648752010728,-79.98736927989272,40.4379634,-79.9860074,420030103022
OPERATIONAL,"820 Pennsylvania Ave, Pittsburgh, PA 15233",Quik-It Chicken,1,3.5,"['restaurant', 'convenience_store', 'meal_takeaway', 'food', 'point_of_interest', 'store', 'establishment']",70,40.4562612,-80.0161723,40.45756707989272,-80.01472772010727,40.45486742010727,-80.01742737989272,40.4562612,-80.0161723,420035652003
OPERATIONAL,"1298 Freeport Rd, Pittsburgh, PA 15238",R & R Eyewear Excellence,NA,5,"['health', 'point_of_interest', 'store', 'establishment']",8,40.488551,-79.877344,40.48998992989272,-79.87604217010728,40.48729027010727,-79.87874182989272,40.488551,-79.877344,420034211003
OPERATIONAL,"100 Commerce Dr, Pittsburgh, PA 15275",R & R Express,NA,2.9,"['moving_company', 'point_of_interest', 'establishment']",58,40.4341137,-80.00646429999999,40.43544432989271,-80.00508167010727,40.43274467010727,-80.00778132989272,40.4341137,-80.0064643,420039807001
OPERATIONAL,"4707 Centre Ave, Pittsburgh, PA 15213",RibsNBread,NA,4.5,"['meal_takeaway', 'meal_delivery', 'restaurant', 'food', 'point_of_interest', 'establishment']",44,40.4528416,-79.94937019999999,40.45413827989272,-79.94799122010727,40.45143862010728,-79.95069087989272,40.4528416,-79.9493702,420030804002
OPERATIONAL,"6140 Butler St, Pittsburgh, PA 15201",Rolling Pepperoni,NA,4.8,"['bakery', 'food', 'point_of_interest', 'store', 'establishment']",6,40.4879543,-79.9378213,40.48939712989272,-79.93653242010727,40.48669747010728,-79.93923207989272,40.4879543,-79.9378213,420031018002
OPERATIONAL,"4124 Main St, Pittsburgh, PA 15224",Roxanne’s Take-Out & Catering,NA,5,"['meal_takeaway', 'restaurant', 'food', 'point_of_interest', 'establishment']",3,40.4649557,-79.9544411,40.46634222989272,-79.95304362010728,40.46364257010727,-79.95574327989273,40.4649557,-79.9544411,420030903002
OPERATIONAL,"6200 Howe St, Pittsburgh, PA 15206","Explorrditions, LLC.",NA,0,"['point_of_interest', 'establishment']",0,40.4537972,-79.9229065,40.45524007989273,-79.92162432010728,40.45254042010728,-79.92432397989272,40.4537972,-79.9229065,420030706001
OPERATIONAL,"810 Western Ave, Pittsburgh, PA 15233","Royalties Beauty Spa - Lash, Waxing, Threading , Body treatments & Facials",NA,4.7,"['beauty_salon', 'spa', 'point_of_interest', 'establishment']",35,40.452462,-80.014592,40.45374002989271,-80.01321817010727,40.45104037010726,-80.01591782989271,40.452462,-80.014592,420035627001
OPERATIONAL,"1805 Duquesne Ave, McKeesport, PA 15132",Royalty by Design,NA,0,"['point_of_interest', 'establishment']",0,40.3399194,-79.8452442,40.34126342989273,-79.84397942010729,40.33856377010728,-79.84667907989272,40.3399194,-79.8452442,420035523002
OPERATIONAL,"143 6th St, Pittsburgh, PA 15222",Fresh Nostalgia Boutique,NA,5,"['point_of_interest', 'clothing_store', 'store', 'establishment']",8,40.4430205,-80.0020547,40.44434247989272,-80.00081157010727,40.44164282010728,-80.00351122989272,40.4430205,-80.0020547,NA
OPERATIONAL,"2010 Noble St, Swissvale, PA 15218",Salon Blue LLC,NA,4.5,"['beauty_salon', 'hair_care', 'point_of_interest', 'establishment']",37,40.421546,-79.886442,40.42291587989273,-79.88505682010728,40.42021622010729,-79.88775647989273,40.421546,-79.886442,420035151002
OPERATIONAL,"3400 Fifth Ave, Pittsburgh, PA 15213",Salúd Juicery Oakland,NA,4,"['food', 'point_of_interest', 'establishment']",45,40.4390807,-79.961865,40.44048617989272,-79.96058312010727,40.43778652010727,-79.96328277989272,40.4390807,-79.961865,420030405002
OPERATIONAL,"200 Tabor St, Pittsburgh, PA 15204","Saving Others Under Love, LLC",NA,0,"['point_of_interest', 'establishment']",0,40.4626646,-80.05283299999999,40.46390602989272,-80.05141887010726,40.46120637010728,-80.0541185298927,40.4626646,-80.052833,420035625001
OPERATIONAL,"2623 Penn Ave, Pittsburgh, PA 15222",Savoy Restaurant,2,4.2,"['restaurant', 'food', 'point_of_interest', 'establishment']",316,40.45548100000001,-79.978015,40.45675687989272,-79.97658277010729,40.45405722010728,-79.97928242989272,40.455481,-79.978015,420030203001
OPERATIONAL,"500 Grant St #2900, Pittsburgh, PA 15219",Scales Family Law Practice,NA,0,"['lawyer', 'point_of_interest', 'establishment']",0,40.4396782,-79.99593159999999,40.44112147989272,-79.99482872010726,40.43842182010728,-79.99752837989271,40.4396782,-79.9959316,420030201004
OPERATIONAL,"807 Chartiers Ave, McKees Rocks, PA 15136",Shadedbythequeen,NA,0,"['point_of_interest', 'store', 'establishment']",0,40.4656077,-80.0646004,40.46706927989271,-80.06322857010727,40.46436962010727,-80.06592822989272,40.4656077,-80.0646004,420034644003
OPERATIONAL,"1849 Montier St, Pittsburgh, PA 15221",Shawna Solomon Collection,NA,5,"['shoe_store', 'point_of_interest', 'clothing_store', 'store', 'establishment']",4,40.4489844,-79.8678118,40.45033422989273,-79.86646197010728,40.44763457010729,-79.86916162989272,40.4489844,-79.8678118,420035614003
OPERATIONAL,"183 Wylie Ave, Strabane, PA 15363",Shoe Patio Bar,NA,5,"['bar', 'point_of_interest', 'establishment']",2,40.2519993,-80.19839929999999,40.25329032989272,-80.19702312010727,40.25059067010728,-80.19972277989271,40.2519993,-80.1983993,421257451012
OPERATIONAL,"6800 Frankstown Ave #1370, Pittsburgh, PA 15208",Showcase Barbeque,1,4.5,"['restaurant', 'food', 'point_of_interest', 'establishment']",1060,40.4581375,-79.9059829,40.45956122989272,-79.90461167010729,40.45686157010728,-79.90731132989272,40.4581375,-79.9059829,420031307003
OPERATIONAL,"8500 Frankstown Rd, Pittsburgh, PA 15235",Simmie's Restaurant,2,4.2,"['meal_takeaway', 'restaurant', 'food', 'point_of_interest', 'establishment']",260,40.4581002,-79.8755027,40.45953117989272,-79.87424687010729,40.45683152010727,-79.87694652989273,40.4581002,-79.8755027,420031306001
OPERATIONAL,"100 Fifth Ave, Pittsburgh, PA 15222",Yerimah's Sisters Beauty Supply,NA,4.6,"['point_of_interest', 'store', 'establishment']",76,40.44144,-80.0027028,40.44286062989273,-80.00129202010727,40.44016097010728,-80.0039916798927,40.44144,-80.0027028,420030201003
OPERATIONAL,"748 E Warrington Ave, Pittsburgh, PA 15210",Slayd Apparel,NA,0,"['point_of_interest', 'clothing_store', 'store', 'establishment']",0,40.4216827,-79.9939334,40.42308737989272,-79.99258537010728,40.42038772010728,-79.99528502989273,40.4216827,-79.9939334,420031803002
OPERATIONAL,"1 Woodland Rd, Pittsburgh, PA 15232",Athletic and Fitness Center,NA,4.2,"['gym', 'health', 'point_of_interest', 'establishment']",9,40.4466581,-79.9242237,40.44812892989273,-79.92280167010728,40.44542927010728,-79.92550132989271,40.4466581,-79.9242237,420031402001
OPERATIONAL,"503 Herron Ave, Pittsburgh, PA 15219",Society,NA,4.6,"['hair_care', 'health', 'point_of_interest', 'establishment']",38,40.449006,-79.9651031,40.45037002989272,-79.96369297010727,40.44767037010728,-79.96639262989272,40.449006,-79.9651031,420030501002
OPERATIONAL,"819 Wood St, Pittsburgh, PA 15221",Soul Food Connection,1,4.3,"['restaurant', 'food', 'point_of_interest', 'establishment']",140,40.4425442,-79.8854781,40.44387757989272,-79.88407862010727,40.44117792010728,-79.88677827989272,40.4425442,-79.8854781,420035647003
OPERATIONAL,"1728 E Carson St, Pittsburgh, PA 15203",Soul & Sea,NA,3.4,"['restaurant', 'food', 'point_of_interest', 'establishment']",34,40.4285784,-79.9810547,40.43003102989273,-79.97969347010728,40.42733137010728,-79.98239312989271,40.4285784,-79.9810547,420031702004
OPERATIONAL,"11632 Frankstown Rd, Penn Hills, PA 15235",Soul Pitt Media,NA,0,"['point_of_interest', 'establishment']",0,40.4651587,-79.82733499999999,40.46647287989272,-79.82595677010727,40.46377322010728,-79.82865642989272,40.4651587,-79.827335,420035234006
OPERATIONAL,"75 S 17th St, Pittsburgh, PA 15203",South Side BBQ Company,1,4.1,"['restaurant', 'food', 'point_of_interest', 'establishment']",259,40.429375,-79.98178500000002,40.43072892989272,-79.98053667010728,40.42802927010727,-79.98323632989272,40.429375,-79.981785,420031702002
OPERATIONAL,"Oakdale, PA 15071",STRONG AMBITIOUS WOMEN LLC,NA,5,"['secondary_school', 'school', 'point_of_interest', 'establishment']",1,40.3981246,-80.1856134,40.39947442989271,-80.18426357010728,40.39677477010727,-80.18696322989273,40.3981246,-80.1856134,420034550001
OPERATIONAL,"7620 Frankstown Ave #1624, Pittsburgh, PA 15208",Strong II Dry Cleaners,NA,4.6,"['laundry', 'point_of_interest', 'establishment']",21,40.455514,-79.889315,40.45699442989272,-79.88791227010728,40.45429477010727,-79.89061192989271,40.455514,-79.889315,420031308001
OPERATIONAL,"3747 William Penn Hwy D, Monroeville, PA 15146",Success Barber Shop,NA,3.8,"['hair_care', 'health', 'point_of_interest', 'establishment']",63,40.437214,-79.78706,40.43840652989272,-79.78563562010729,40.43570687010728,-79.78833527989272,40.437214,-79.78706,420035212001
OPERATIONAL,"5929 Baum Blvd, Pittsburgh, PA 15206",Tana Ethiopian Cuisine,2,4.3,"['restaurant', 'food', 'point_of_interest', 'establishment']",347,40.46063789999999,-79.9268814,40.46198772989272,-79.92553157010728,40.45928807010727,-79.92823122989273,40.4606379,-79.9268814,420031115002
OPERATIONAL,"5744 Baum Blvd, Pittsburgh, PA 15206",The Barbers Inn,NA,4,"['hair_care', 'health', 'point_of_interest', 'establishment']",55,40.4586925,-79.9322439,40.46010007989272,-79.93092292010729,40.45740042010728,-79.93362257989274,40.4586925,-79.9322439,420031115001
OPERATIONAL,"732 E Warrington Ave, Pittsburgh, PA 15210",The Black Unicorn: Library and Archives Project,NA,0,"['library', 'point_of_interest', 'establishment']",0,40.4215555,-79.9944671,40.42301862989272,-79.99312097010727,40.42031897010727,-79.99582062989272,40.4215555,-79.9944671,420031803002
OPERATIONAL,"7600 N Braddock Ave, Pittsburgh, PA 15208",The Dream BBQ,NA,4.3,"['restaurant', 'food', 'point_of_interest', 'establishment']",199,40.4529362,-79.89101169999999,40.45430497989272,-79.88974697010727,40.45160532010728,-79.89244662989272,40.4529362,-79.8910117,420031308003
OPERATIONAL,"1307 Federal St, Pittsburgh, PA 15212",THE LUNCH BOX,NA,5,"['restaurant', 'food', 'point_of_interest', 'establishment']",7,40.4572118,-80.00781359999999,40.45861562989271,-80.00617167010728,40.45591597010727,-80.00887132989271,40.4572118,-80.0078136,420035651001
OPERATIONAL,"111 Meyran Ave, Pittsburgh, PA 15213",Natural Choice,NA,4,"['hair_care', 'health', 'point_of_interest', 'establishment']",111,40.4410946,-79.9587647,40.44240672989273,-79.95746882010727,40.43970707010728,-79.96016847989272,40.4410946,-79.9587647,420030405001
OPERATIONAL,"715 Dorseyville Rd, Pittsburgh, PA 15238",The Spot Pittsburgh,NA,4.8,"['cafe', 'food', 'point_of_interest', 'establishment']",62,40.546082,-79.9015871,40.54736727989272,-79.90008312010727,40.54466762010728,-79.90278277989272,40.546082,-79.9015871,420034150021
OPERATIONAL,"1130 Perry Hwy Suite 106, Pittsburgh, PA 15237",The Tiny Bookstore,NA,5,"['book_store', 'point_of_interest', 'store', 'establishment']",5,40.5477169,-80.0355297,40.54903597989272,-80.03432812010729,40.54633632010727,-80.03702777989272,40.5477169,-80.0355297,420034294001
OPERATIONAL,"1731 Murray Ave, Pittsburgh, PA 15217",The Warehouse Pub & Grub,NA,4.3,"['bar', 'restaurant', 'food', 'point_of_interest', 'establishment']",126,40.43707149999999,-79.9228024,40.43841967989272,-79.92151182010727,40.43572002010728,-79.92421147989272,40.4370715,-79.9228024,420031408002
OPERATIONAL,"105 Overland Ave, Duquesne, PA 15110",Third Day Soaps Garden,NA,0,"['point_of_interest', 'establishment']",0,40.3791241,-79.8560966,40.38055577989272,-79.85479462010727,40.37785612010728,-79.85749427989272,40.3791241,-79.8560966,420034867001
OPERATIONAL,"8000 Frankstown Ave, Pittsburgh, PA 15221",Three Generations Barbershop,NA,4.7,"['hair_care', 'health', 'point_of_interest', 'establishment']",70,40.455157,-79.8845599,40.45660912989272,-79.88325227010728,40.45390947010728,-79.88595192989271,40.455157,-79.8845599,420031306001
OPERATIONAL,"126 S Erie St, Mercer, PA 16137",Tracy's Place,NA,3,"['beauty_salon', 'point_of_interest', 'establishment']",2,41.2260699,-80.2401774,41.22742087989273,-80.23869717010729,41.22472122010728,-80.24139682989272,41.2260699,-80.2401774,420850326021
OPERATIONAL,"5474 Campbells Run Rd, Pittsburgh, PA 15205",True Pizzeria & Lounge,1,4.3,"['meal_delivery', 'meal_takeaway', 'restaurant', 'food', 'point_of_interest', 'establishment']",213,40.4462418,-80.1579754,40.44757747989272,-80.15651507010728,40.44487782010728,-80.15921472989272,40.4462418,-80.1579754,420034592013
OPERATIONAL,"709 Liberty Ave, Pittsburgh, PA 15222",UBrokeWEFIX,NA,0,"['point_of_interest', 'establishment']",0,40.4426859,-79.999545,40.443963829892724,-79.99816177010727,40.44126417010728,-80.00086142989272,40.4426859,-79.999545,NA
OPERATIONAL,"1901 Centre Ave, Pittsburgh, PA 15219",Ujamaa Collective,NA,4.9,"['point_of_interest', 'store', 'establishment']",26,40.443338,-79.9808783,40.44459657989272,-79.97961442010728,40.44189692010728,-79.98231407989272,40.443338,-79.9808783,420030305001
OPERATIONAL,"6520 Saltsburg Rd, Penn Hills, PA 15235",Uncle Redd's BBQ,1,4.1,"['restaurant', 'food', 'point_of_interest', 'establishment']",46,40.48199049999999,-79.80916549999999,40.48345602989272,-79.80767972010727,40.48075637010727,-79.81037937989272,40.4819905,-79.8091655,420035235011
OPERATIONAL,"437 Turrett St, Pittsburgh, PA 15206",Urban Academy,NA,3,"['school', 'point_of_interest', 'establishment']",24,40.4624348,-79.9098358,40.46366587989272,-79.90835097010728,40.46096622010727,-79.91105062989271,40.4624348,-79.9098358,420031209001
OPERATIONAL,"2625 Penn Ave, Pittsburgh, PA 15222",V Lounge,NA,0,"['bar', 'point_of_interest', 'establishment']",0,40.4555292,-79.9780067,40.45679552989272,-79.97655747010728,40.45409587010727,-79.97925712989272,40.4555292,-79.9780067,420030203001
OPERATIONAL,"6 N Balph Ave, Bellevue, PA 15202",Vibe Bellevue,NA,4.8,"['restaurant', 'food', 'point_of_interest', 'establishment']",67,40.4957972,-80.0553077,40.49716307989272,-80.05399737010728,40.49446342010727,-80.05669702989272,40.4957972,-80.0553077,420034315002
OPERATIONAL,"200 Mall Cir Dr, Monroeville, PA 15146",Vickey's Soul Grill Restaurant & Catering,NA,4.6,"['restaurant', 'food', 'point_of_interest', 'establishment']",5,40.4291856,-79.79570199999999,40.43053542989272,-79.79435217010726,40.42783577010728,-79.79705182989271,40.4291856,-79.795702,420035212002
OPERATIONAL,"413 Smithfield St, Pittsburgh, PA 15222","Vip Styles, INC.",NA,4.2,"['hair_care', 'health', 'point_of_interest', 'establishment']",95,40.439103,-79.999511,40.44041812989272,-79.99806942010727,40.43771847010727,-80.00076907989272,40.439103,-79.999511,420030201001
OPERATIONAL,"PPG Place, Fl 31, Pittsburgh, PA 15222",Virginia Humphries Real Estate,NA,3,"['real_estate_agency', 'point_of_interest', 'establishment']",2,40.4397928,-80.0031808,40.44114262989272,-80.00183097010728,40.43844297010727,-80.00453062989271,40.4397928,-80.0031808,420030201001
OPERATIONAL,"71 Orin St, Pittsburgh, PA 15235",Virtual Staffing Source,NA,5,"['point_of_interest', 'establishment']",2,40.4642925,-79.853033,40.46564427989271,-79.85174232010726,40.46294462010727,-79.85444197989271,40.4642925,-79.853033,420035232002
OPERATIONAL,"4501 Butler St, Pittsburgh, PA 15201",Walter's BBQ Southern Kitchen,2,4.2,"['bar', 'restaurant', 'food', 'point_of_interest', 'establishment']",909,40.4725446,-79.9593943,40.473846079892724,-79.95788457010728,40.47114642010727,-79.96058422989273,40.4725446,-79.9593943,420030901001
OPERATIONAL,"7365 Denniston Ave, Pittsburgh, PA 15218",Wilson’s Nite Out,NA,4.3,"['restaurant', 'food', 'point_of_interest', 'establishment']",67,40.4196373,-79.8893514,40.42095972989272,-79.88792372010727,40.41826007010727,-79.89062337989272,40.4196373,-79.8893514,420035153001
OPERATIONAL,"226 Shady Ave, Pittsburgh, PA 15206","Wings & A Prayer, LLC",NA,4.5,"['meal_takeaway', 'restaurant', 'food', 'point_of_interest', 'establishment']",123,40.4588022,-79.9222184,40.46014652989273,-79.92081752010728,40.45744687010728,-79.92351717989273,40.4588022,-79.9222184,420030708001
OPERATIONAL,"5730 Ellsworth Ave #3, Pittsburgh, PA 15232",Winning Smiles Pediatric Dental Care,NA,5,"['doctor', 'dentist', 'health', 'point_of_interest', 'establishment']",99,40.455293,-79.93122699999999,40.45672132989272,-79.93000322010727,40.45402167010728,-79.93270287989272,40.455293,-79.931227,420030705002
OPERATIONAL,"437 Turrett St, Pittsburgh, PA 15206",Wright Childcare Solutions,NA,5,"['point_of_interest', 'establishment']",6,40.4623296,-79.9098844,40.46358162989273,-79.90842337010727,40.46088197010729,-79.91112302989272,40.4623296,-79.9098844,420031209001
OPERATIONAL,"1441 Woods Run Ave, Pittsburgh, PA 15212",Young Brothers Bar,1,4.4,"['bar', 'point_of_interest', 'establishment']",266,40.4750786,-80.0349957,40.47646012989272,-80.03368227010728,40.47376047010727,-80.03638192989271,40.4750786,-80.0349957,420032716003
OPERATIONAL,"2900 Bedford Ave, Pittsburgh, PA 15219",Z-Best Barbeque Chicken & Ribs,2,4.5,"['restaurant', 'food', 'point_of_interest', 'establishment']",356,40.4525696,-79.9672205,40.45406122989272,-79.96597617010728,40.45136157010727,-79.96867582989272,40.4525696,-79.9672205,420030501002
OPERATIONAL,"4638 Browns Hill Rd, Pittsburgh, PA 15217",Zoom Dry Cleaning,NA,4.4,"['laundry', 'point_of_interest', 'establishment']",72,40.415228,-79.92372,40.41650907989272,-79.92244557010729,40.41380942010728,-79.92514522989273,40.415228,-79.92372,420031414004
OPERATIONAL,"600 Grant St, Pittsburgh, PA 15219",Esthetics By Esther,NA,4.3,"['health', 'point_of_interest', 'establishment']",11,40.4410742,-79.9949158,40.44249602989272,-79.99387227010729,40.43979637010727,-79.99657192989272,40.4410742,-79.9949158,420030201004
OPERATIONAL,"5001 Baum Blvd #405, Pittsburgh, PA 15213",SKIN by Stephanie,NA,3,"['health', 'point_of_interest', 'establishment']",4,40.4553461,-79.9450248,40.45655902989272,-79.94360647010728,40.45385937010728,-79.94630612989272,40.4553461,-79.9450248,420030804002
OPERATIONAL,"472 Wildwood Ave, Verona, PA 15147",Hey BOOP,NA,0,"['health', 'point_of_interest', 'establishment']",0,40.5033399,-79.8402223,40.50481162989273,-79.83878452010727,40.50211197010728,-79.84148417989272,40.5033399,-79.8402223,420035238004
OPERATIONAL,"452 S Main St, Pittsburgh, PA 15220",Encore Event Design,NA,4.9,"['point_of_interest', 'establishment']",14,40.4410946,-80.034701,40.44238557989271,-80.03331407010727,40.43968592010727,-80.03601372989272,40.4410946,-80.034701,420035626001
OPERATIONAL,"South Park Area, Bethel Park, PA 15102",K. Flowers Designs: custom wedding stationery,NA,5,"['point_of_interest', 'establishment']",7,40.330351,-80.0220188,40.33170462989273,-80.02065282010727,40.32900497010728,-80.02335247989272,40.330351,-80.0220188,NA
OPERATIONAL,"2517 Penn Ave, Pittsburgh, PA 15222",Slate Studio,NA,4.7,"['point_of_interest', 'establishment']",36,40.4544548,-79.9794617,40.45574072989272,-79.97803572010727,40.45304107010728,-79.98073537989272,40.4544548,-79.9794617,420030203001
OPERATIONAL,"1439 Woods Run Ave, Pittsburgh, PA 15212",BJ's Event Center,NA,0,"['point_of_interest', 'establishment']",0,40.4750698,-80.03483729999999,40.47648257989272,-80.03356567010728,40.47378292010728,-80.03626532989273,40.4750698,-80.0348373,NA
OPERATIONAL,"528 N Homewood Ave, Pittsburgh, PA 15208",CKV Suites,NA,4.8,"['point_of_interest', 'establishment']",5,40.4533378,-79.89823109999999,40.45471222989272,-79.89694447010727,40.45201257010728,-79.89964412989272,40.4533378,-79.8982311,420031308003
OPERATIONAL,"1901 Centre Ave Conference Room 1, Pittsburgh, PA 15219","Cameron Professional Services Group, LLC",NA,3,"['accounting', 'finance', 'point_of_interest', 'establishment']",2,40.443418,-79.98104,40.44463657989272,-79.97967192010728,40.44193692010727,-79.98237157989273,40.443418,-79.98104,420030305001
OPERATIONAL,"901 Western Ave Ste 208C, Pittsburgh, PA 15233","Quinerly Financial Group, LLC",NA,5,"['accounting', 'finance', 'point_of_interest', 'establishment']",6,40.4516792,-80.0165936,40.45314857989273,-80.01528137010729,40.45044892010728,-80.01798102989272,40.4516792,-80.0165936,420035627001
OPERATIONAL,"6000 Penn Ave, Pittsburgh, PA 15206",Isom Capital Investments LLC,NA,0,"['finance', 'point_of_interest', 'establishment']",0,40.46108,-79.92454819999999,40.46252997989272,-79.92313772010728,40.45983032010728,-79.92583737989273,40.46108,-79.9245482,420031115002
OPERATIONAL,"Office Service, 5001 Baum Blvd, Pittsburgh, PA 15213",Brown Insurance Agency,NA,4.7,"['insurance_agency', 'point_of_interest', 'establishment']",13,40.4553337,-79.94519810000001,40.45653012989273,-79.94377152010729,40.45383047010728,-79.94647117989274,40.4553337,-79.9451981,420030804002
OPERATIONAL,"106 Isabella St, Pittsburgh, PA 15212",Remake Learning,NA,0,"['point_of_interest', 'establishment']",0,40.4480371,-80.0024407,40.44929787989272,-80.00105932010729,40.44659822010728,-80.00375897989272,40.4480371,-80.0024407,420035632011
OPERATIONAL,"7424 Washington Ave, Pittsburgh, PA 15218",Credit Power LLC,NA,5,"['finance', 'point_of_interest', 'establishment']",34,40.4201268,-79.8881976,40.42157437989272,-79.88691067010727,40.41887472010728,-79.88961032989272,40.4201268,-79.8881976,420035153001
OPERATIONAL,"2010 E Carson St, Pittsburgh, PA 15203",Aliya Wrays Beauty Parlor,NA,3.7,"['spa', 'point_of_interest', 'establishment']",17,40.4283603,-79.97712659999999,40.42980197989272,-79.97576947010728,40.42710232010728,-79.97846912989272,40.4283603,-79.9771266,420031702004
OPERATIONAL,"216 E 7th Ave, Homestead, PA 15120",Dreamz Hair Salon and Barber Shop,NA,4.3,"['beauty_salon', 'hair_care', 'point_of_interest', 'establishment']",113,40.4076025,-79.91074669999999,40.40895232989272,-79.90939687010726,40.40625267010728,-79.91209652989271,40.4076025,-79.9107467,420034838002
OPERATIONAL,"4237 Murray Ave, Pittsburgh, PA 15217",S-Spa of Pgh,NA,4.8,"['beauty_salon', 'hair_care', 'dentist', 'spa', 'health', 'point_of_interest', 'store', 'establishment']",22,40.422128,-79.928567,40.42344412989272,-79.92735507010728,40.42074447010728,-79.93005472989272,40.422128,-79.928567,420031517001
OPERATIONAL,"1901 Centre Ave Suite 104, Pittsburgh, PA 15219",Salon XO PGH,NA,4.9,"['beauty_salon', 'hair_care', 'point_of_interest', 'establishment']",45,40.4434183,-79.9810402,40.44467452989272,-79.97959217010728,40.44197487010728,-79.98229182989273,40.4434183,-79.9810402,420030305001
OPERATIONAL,"706 Wood St, Pittsburgh, PA 15221",Aim High Hair Studio,NA,5,"['beauty_salon', 'point_of_interest', 'establishment']",5,40.4414734,-79.88586769999999,40.44283947989271,-79.88456562010728,40.44013982010727,-79.88726527989272,40.4414734,-79.8858677,420035647003
OPERATIONAL,"329 Technology Dr, Pittsburgh, PA 15219",Hotel Indigo Pittsburgh University-Oakland,NA,4.5,"['lodging', 'point_of_interest', 'establishment']",355,40.43120649999999,-79.959958,40.43234232989271,-79.95874257010728,40.42964267010727,-79.96144222989273,40.4312065,-79.959958,420039808001
OPERATIONAL,"500 Liberty Ave, Pittsburgh, PA 15222",Pittsburgh Spot,NA,0,"['point_of_interest', 'establishment']",0,40.441258500000004,-80.00337119999999,40.44272392989271,-80.00208237010727,40.44002427010727,-80.00478202989272,40.441258500000004,-80.0033712,420030201003
OPERATIONAL,"203 Lothrop St # 718, Pittsburgh, PA 15213",Safi Farhad MD,NA,0,"['doctor', 'health', 'point_of_interest', 'establishment']",0,40.441782,-79.961203,40.44299472989272,-79.96023207010728,40.44029507010728,-79.96293172989272,40.441782,-79.961203,420030402002
OPERATIONAL,"711 Penn Ave Floor 2, Pittsburgh, PA 15221",Vision Towards Peace Counseling,NA,5,"['health', 'point_of_interest', 'establishment']",4,40.4436117,-79.8841733,40.44491077989272,-79.88285272010727,40.44221112010727,-79.88555237989272,40.4436117,-79.8841733,420035648002
OPERATIONAL,"124 S Highland Ave #210, Pittsburgh, PA 15206",YOGAMOTIF,NA,5,"['gym', 'health', 'point_of_interest', 'establishment']",3,40.4603832,-79.9254376,40.46171887989273,-79.92385937010728,40.45901922010728,-79.92655902989272,40.4603832,-79.9254376,420031115002
OPERATIONAL,"201 N Braddock Ave, Pittsburgh, PA 15208",OJ Macklin Fitness,NA,4.9,"['gym', 'health', 'point_of_interest', 'establishment']",11,40.44874190000001,-79.8942184,40.45005942989273,-79.89279127010727,40.44735977010728,-79.89549092989272,40.4487419,-79.8942184,420031405001
OPERATIONAL,"1386 Old Freeport Rd #3b, Pittsburgh, PA 15238",Helping Others Heal,NA,4.2,"['health', 'point_of_interest', 'establishment']",5,40.4884663,-79.8723399,40.48976527989272,-79.87096612010728,40.48706562010728,-79.87366577989273,40.4884663,-79.8723399,420034211003
OPERATIONAL,"9951 Old Perry Hwy, Wexford, PA 15090",D-Fit by Deawna Fitness & Wellness Studio,NA,5,"['gym', 'health', 'point_of_interest', 'establishment']",6,40.5893266,-80.0459391,40.59064287989273,-80.04466792010729,40.58794322010728,-80.04736757989272,40.5893266,-80.0459391,420034131003
OPERATIONAL,"700 River Ave, Pittsburgh, PA 15235",Big Rock & RAC Cleaning LLC,NA,0,"['laundry', 'point_of_interest', 'establishment']",0,40.449844,-79.9968155,40.45104882989272,-79.99525347010727,40.44834917010727,-79.99795312989272,40.449844,-79.9968155,NA
OPERATIONAL,"924 Bay Ridge Ave, Pittsburgh, PA 15226",Groovy Maid,NA,4.5,"['point_of_interest', 'establishment']",52,40.3905996,-80.0208079,40.39200977989272,-80.01938317010728,40.38931012010728,-80.02208282989271,40.3905996,-80.0208079,420031918002
OPERATIONAL,"2015 Centre Ave Suite 201, Pittsburgh, PA 15219",Steel City Cleaning Solutions LLC,NA,5,"['point_of_interest', 'establishment']",9,40.4440493,-79.9799623,40.44533807989272,-79.97856757010727,40.44263842010727,-79.98126722989271,40.4440493,-79.9799623,420030501001
